Date,Open,High,Low,Close
04/12/21,1561.53,1562.07,1539.24,1541.12
04/09/21,1562.20,1572.13,1561.76,1566.34
04/08/21,1554.64,1564.05,1552.18,1558.83
04/07/21,1566.11,1570.69,1555.57,1556.56
04/05/21,1599.33,1601.24,1575.56,1579.66
04/02/21,1603.24,1606.41,1595.31,1596.27
04/01/21,1594.01,1600.60,1590.33,1595.12
03/31/21,1592.26,1593.93,1585.58,1587.21
03/30/21,1589.68,1593.52,1585.06,1589.53
03/29/21,1582.73,1592.47,1580.90,1583.89
03/26/21,1577.47,1580.74,1566.89,1574.86
03/25/21,1576.27,1580.17,1571.04,1571.04
03/24/21,1557.50,1570.84,1555.72,1570.83
03/23/21,1572.70,1574.14,1562.03,1564.25
03/22/21,1563.56,1571.74,1555.38,1566.36
03/19/21,1562.30,1566.67,1554.96,1563.96
03/18/21,1579.72,1583.30,1567.67,1568.82
03/17/21,1562.92,1571.53,1559.22,1566.76
03/16/21,1569.01,1573.13,1562.35,1564.03
03/15/21,1573.11,1575.96,1562.69,1565.73
03/12/21,1579.71,1584.40,1562.90,1568.19
03/11/21,1582.69,1584.61,1569.87,1575.13
03/10/21,1553.27,1573.55,1550.45,1573.05
03/09/21,1553.00,1554.96,1537.23,1550.59
03/08/21,1559.17,1562.56,1540.64,1543.76
03/05/21,1531.05,1553.92,1529.83,1544.11
03/04/21,1535.76,1540.66,1527.88,1534.11
03/03/21,1510.27,1543.48,1510.07,1543.40
03/02/21,1503.91,1509.65,1500.80,1503.36
03/01/21,1493.55,1505.61,1487.99,1500.92
02/25/21,1508.82,1511.30,1494.36,1496.78
02/24/21,1503.56,1507.78,1485.94,1491.11
02/23/21,1487.53,1506.94,1486.18,1500.61
02/22/21,1504.65,1505.47,1476.50,1478.14
02/19/21,1504.98,1507.63,1493.52,1500.51
02/18/21,1519.79,1524.11,1510.77,1511.03
02/17/21,1519.74,1528.58,1513.96,1514.91
02/16/21,1528.43,1531.29,1522.41,1523.11
02/15/21,1515.91,1529.98,1513.33,1522.72
02/11/21,1520.68,1521.31,1503.19,1508.35
02/10/21,1526.34,1527.88,1513.13,1516.94
02/09/21,1524.58,1529.49,1516.50,1518.27
02/08/21,1508.45,1517.31,1507.09,1516.43
02/05/21,1491.07,1498.35,1488.73,1496.61
02/04/21,1486.50,1492.39,1477.88,1482.98
02/03/21,1498.50,1500.17,1481.69,1481.75
02/02/21,1491.02,1496.46,1480.50,1486.25
02/01/21,1465.76,1481.66,1456.45,1478.05
01/29/21,1478.76,1480.44,1455.55,1466.98
01/28/21,1482.50,1492.00,1467.74,1468.51
01/27/21,1510.68,1515.32,1498.05,1498.13
01/26/21,1497.03,1514.82,1490.37,1512.83
01/25/21,1498.36,1505.47,1491.63,1501.62
01/22/21,1508.92,1518.05,1494.45,1497.88
01/21/21,1525.63,1529.27,1510.80,1513.51
01/20/21,1524.91,1529.50,1511.41,1515.72
01/19/21,1519.37,1529.17,1518.66,1522.59
01/18/21,1511.04,1515.51,1503.04,1510.13
01/15/21,1537.03,1544.11,1513.48,1519.13
01/14/21,1545.35,1552.78,1533.52,1535.98
01/13/21,1548.30,1561.66,1542.42,1547.31
01/12/21,1536.75,1542.65,1528.50,1539.85
01/11/21,1539.79,1550.75,1527.75,1536.49
01/08/21,1528.12,1538.61,1521.17,1536.44
01/07/21,1510.64,1519.91,1502.81,1513.78
01/06/21,1506.56,1514.89,1485.79,1492.36
01/05/21,1467.89,1506.66,1466.05,1506.65
01/04/21,1428.80,1468.27,1425.48,1468.24
12/30/20,1467.74,1479.04,1445.36,1449.35
12/29/20,1452.39,1468.60,1440.59,1461.95
12/28/20,1505.15,1512.99,1452.48,1452.67
12/25/20,1463.32,1486.84,1462.77,1486.31
12/24/20,1420.60,1453.87,1409.75,1451.52
12/23/20,1422.59,1440.52,1414.21,1416.02
12/22/20,1405.42,1428.11,1388.23,1424.39
12/21/20,1429.50,1453.88,1401.58,1401.78
12/18/20,1485.27,1489.78,1475.01,1482.38
12/17/20,1487.70,1495.37,1483.32,1483.89
12/16/20,1487.28,1488.86,1475.09,1482.09
12/15/20,1468.22,1478.61,1459.97,1477.21
12/14/20,1491.87,1495.18,1471.56,1476.13
12/09/20,1490.77,1503.89,1474.83,1482.67
12/08/20,1448.08,1484.73,1442.65,1478.92
12/04/20,1439.82,1454.94,1439.14,1449.83
12/03/20,1424.16,1439.22,1420.69,1438.32
12/02/20,1416.58,1430.49,1415.10,1417.95
12/01/20,1418.06,1430.03,1416.39,1420.87
11/30/20,1429.99,1435.04,1408.02,1408.31
11/27/20,1431.26,1444.53,1429.43,1437.78
11/26/20,1420.96,1433.57,1416.79,1433.56
11/25/20,1416.84,1428.36,1392.42,1415.72
11/24/20,1429.44,1432.56,1401.29,1401.63
11/23/20,1397.53,1422.43,1395.58,1420.43
11/20/20,1369.96,1390.37,1368.20,1389.34
11/19/20,1363.58,1375.02,1362.41,1369.42
11/18/20,1345.76,1364.64,1341.46,1364.59
11/17/20,1356.41,1365.91,1344.55,1349.81
11/16/20,1360.94,1365.87,1351.04,1351.06
11/13/20,1330.49,1352.51,1327.73,1346.47
11/12/20,1340.43,1341.57,1327.17,1336.31
11/11/20,1353.65,1356.83,1331.39,1345.34
11/10/20,1330.14,1346.72,1313.04,1341.24
11/09/20,1281.41,1293.90,1277.52,1285.88
11/06/20,1265.84,1270.22,1251.08,1260.08
11/05/20,1234.61,1266.58,1232.72,1264.32
11/04/20,1223.67,1231.05,1214.49,1222.44
11/03/20,1210.06,1222.78,1209.90,1221.33
11/02/20,1196.64,1202.55,1191.44,1202.16
10/30/20,1204.05,1204.99,1187.49,1194.95
10/29/20,1200.43,1206.84,1195.99,1201.64
10/28/20,1207.42,1217.88,1205.88,1207.94
10/27/20,1201.45,1212.03,1197.74,1208.95
10/26/20,1212.49,1215.79,1205.81,1207.97
10/22/20,1214.63,1223.48,1204.73,1213.61
10/21/20,1217.10,1222.62,1211.85,1216.48
10/20/20,1205.33,1219.16,1202.03,1210.67
10/19/20,1221.88,1223.15,1205.61,1208.75
10/16/20,1245.40,1247.89,1226.95,1233.68
10/15/20,1255.05,1258.09,1240.75,1242.96
10/14/20,1269.49,1271.10,1257.84,1263.99
10/12/20,1269.50,1277.64,1265.27,1273.43
10/09/20,1279.79,1280.81,1264.24,1267.14
10/08/20,1269.85,1282.65,1269.50,1274.83
10/07/20,1248.25,1264.29,1245.09,1263.71
10/06/20,1251.89,1257.46,1249.14,1250.15
10/05/20,1245.79,1248.67,1239.06,1242.99
10/02/20,1245.11,1246.78,1231.11,1237.54
10/01/20,1244.23,1251.11,1232.81,1247.59
09/30/20,1259.08,1260.06,1236.53,1237.04
09/29/20,1266.77,1267.67,1254.34,1257.34
09/28/20,1251.23,1264.50,1251.12,1263.02
09/25/20,1251.67,1256.40,1241.66,1244.94
09/24/20,1255.79,1260.31,1241.52,1247.46
09/23/20,1271.19,1272.59,1260.64,1264.01
09/22/20,1271.36,1275.27,1262.41,1267.63
09/21/20,1293.77,1295.35,1273.44,1275.16
09/18/20,1287.74,1293.29,1280.43,1288.39
09/17/20,1289.60,1292.42,1280.11,1284.40
09/16/20,1287.01,1295.80,1284.09,1293.48
09/15/20,1276.93,1287.04,1274.62,1286.18
09/14/20,1285.16,1287.35,1270.59,1272.34
09/11/20,1290.16,1296.13,1279.33,1279.96
09/10/20,1295.01,1298.33,1286.15,1290.89
09/09/20,1279.24,1295.55,1276.38,1293.40
09/08/20,1305.64,1305.85,1293.33,1293.80
09/04/20,1311.95,1322.66,1308.84,1311.95
09/03/20,1320.63,1322.66,1308.84,1311.95
09/02/20,1304.70,1316.08,1301.78,1315.88
09/01/20,1312.75,1316.68,1301.14,1305.57
08/31/20,1328.70,1333.30,1308.73,1310.66
08/28/20,1335.30,1337.61,1319.45,1323.31
08/27/20,1322.48,1331.64,1320.91,1326.81
08/26/20,1317.74,1323.97,1311.14,1322.55
08/25/20,1324.81,1327.42,1315.13,1315.99
08/24/20,1305.22,1318.20,1299.05,1317.11
08/21/20,1305.82,1307.64,1296.68,1299.26
08/20/20,1296.37,1303.72,1292.59,1296.79
08/19/20,1331.54,1332.79,1301.97,1308.67
08/18/20,1321.38,1330.40,1321.07,1330.11
08/17/20,1329.82,1331.80,1315.89,1320.91
08/14/20,1345.56,1347.63,1324.97,1327.05
08/13/20,1349.08,1353.53,1343.09,1346.69
08/11/20,1334.10,1343.16,1332.24,1336.84
08/10/20,1327.16,1330.17,1321.90,1322.01
08/07/20,1331.92,1333.21,1321.16,1324.40
08/06/20,1336.13,1346.49,1333.18,1333.22
08/05/20,1335.52,1341.23,1326.07,1337.35
08/04/20,1330.60,1338.08,1328.13,1330.81
08/03/20,1324.46,1325.31,1311.25,1321.23
07/31/20,1314.99,1328.64,1303.25,1328.53
07/30/20,1345.09,1347.45,1313.10,1315.74
07/29/20,1346.60,1349.91,1337.03,1338.35
07/24/20,1348.81,1350.93,1337.21,1340.92
07/23/20,1356.97,1363.90,1348.92,1359.65
07/22/20,1380.97,1382.29,1356.86,1357.04
07/21/20,1366.83,1379.15,1366.59,1377.00
07/20/20,1358.62,1365.71,1352.03,1358.29
07/17/20,1353.27,1361.39,1350.10,1359.58
07/16/20,1354.23,1357.26,1343.02,1347.86
07/15/20,1351.50,1356.93,1344.76,1354.31
07/14/20,1332.87,1342.30,1326.65,1341.07
07/13/20,1361.75,1363.82,1339.69,1342.37
07/10/20,1357.99,1363.28,1346.72,1350.50
07/09/20,1367.24,1370.80,1358.03,1365.81
07/08/20,1371.91,1379.71,1361.24,1362.46
07/07/20,1389.18,1391.77,1373.20,1373.22
07/03/20,1377.67,1380.08,1370.37,1372.27
07/02/20,1357.21,1376.31,1353.50,1374.13
07/01/20,1345.62,1350.16,1331.60,1349.44
06/30/20,1344.54,1351.59,1339.03,1339.03
06/29/20,1320.73,1329.94,1312.59,1329.76
06/26/20,1335.55,1344.04,1328.49,1330.34
06/25/20,1317.72,1325.88,1306.67,1325.88
06/24/20,1362.42,1365.46,1333.32,1333.43
06/23/20,1359.55,1361.84,1351.92,1356.43
06/22/20,1359.30,1367.98,1347.60,1352.18
06/19/20,1376.89,1380.02,1368.03,1370.82
06/18/20,1359.68,1377.39,1358.11,1372.98
06/17/20,1362.78,1381.00,1358.27,1376.18
06/16/20,1374.59,1376.99,1362.38,1367.13
06/15/20,1373.50,1379.78,1338.25,1341.99
06/12/20,1359.00,1386.22,1353.51,1382.56
06/11/20,1413.20,1421.51,1384.68,1396.77
06/10/20,1417.04,1423.36,1402.46,1418.77
06/09/20,1438.64,1448.13,1400.87,1408.37
06/08/20,1449.76,1454.95,1429.68,1438.66
06/05/20,1416.72,1438.09,1402.77,1435.70
06/04/20,1396.25,1413.54,1393.21,1411.01
06/02/20,1361.64,1374.29,1357.23,1374.18
06/01/20,1355.39,1362.46,1348.99,1352.37
05/29/20,1333.70,1342.88,1323.12,1342.85
05/28/20,1356.02,1358.60,1337.50,1337.51
05/27/20,1339.18,1345.53,1328.07,1345.11
05/26/20,1335.87,1345.31,1332.30,1336.09
05/25/20,1308.16,1323.43,1302.12,1320.98
05/22/20,1309.92,1311.54,1286.76,1303.97
05/21/20,1330.84,1333.25,1315.03,1320.69
05/20/20,1311.36,1322.22,1306.96,1322.20
05/19/20,1308.96,1318.01,1304.49,1309.95
05/18/20,1290.11,1295.94,1283.60,1286.53
05/15/20,1287.06,1289.24,1278.86,1280.76
05/14/20,1286.63,1290.24,1275.85,1280.40
05/13/20,1297.03,1303.28,1290.47,1294.55
05/12/20,1286.31,1301.88,1283.87,1299.69
05/11/20,1277.41,1293.35,1276.60,1287.30
05/08/20,1265.23,1270.54,1256.74,1266.02
05/07/20,1274.50,1277.36,1252.20,1257.98
05/05/20,1287.70,1289.09,1278.50,1278.63
04/30/20,1297.93,1301.66,1292.97,1301.66
04/29/20,1282.57,1286.45,1275.68,1282.68
04/28/20,1267.46,1283.01,1260.96,1274.99
04/27/20,1271.22,1272.75,1258.45,1267.41
04/24/20,1274.21,1280.02,1255.73,1258.78
04/23/20,1266.61,1276.18,1260.80,1272.53
04/22/20,1245.90,1262.43,1231.58,1261.81
04/21/20,1247.52,1260.96,1243.58,1252.92
04/20/20,1241.94,1273.25,1237.22,1266.40
04/17/20,1230.34,1239.52,1218.57,1239.24
04/16/20,1226.16,1231.05,1200.14,1200.15
04/15/20,1253.92,1261.66,1233.66,1236.10
04/14/20,1252.50,1267.55,1241.10,1256.35
04/13/20,1229.21,1237.23,1220.00,1236.78
04/10/20,1207.47,1228.07,1205.15,1228.03
04/09/20,1220.78,1243.50,1202.25,1210.48
04/08/20,1202.00,1213.55,1192.98,1205.77
04/07/20,1184.87,1220.67,1173.14,1214.95
04/03/20,1150.86,1156.59,1130.54,1138.84
04/02/20,1113.91,1142.47,1105.31,1138.27
04/01/20,1117.51,1132.10,1105.34,1105.51
03/31/20,1108.79,1127.92,1104.12,1125.86
03/30/20,1087.35,1094.12,1073.37,1087.82
03/27/20,1112.83,1124.28,1089.14,1099.76
03/26/20,1074.64,1103.59,1072.94,1091.96
03/25/20,1063.23,1099.94,1050.72,1080.03
03/24/20,1064.33,1067.51,1024.38,1033.84
03/23/20,1045.65,1065.67,1022.83,1024.46
03/20/20,1077.65,1133.56,1070.05,1127.24
03/19/20,1019.07,1048.80,1010.60,1044.19
03/18/20,1053.04,1076.16,1026.89,1048.15
03/17/20,1045.09,1068.85,1035.16,1035.17
03/16/20,1072.30,1105.20,1043.79,1046.08
03/13/20,1128.91,1164.16,969.08,1128.91
03/12/20,1184.16,1187.39,1095.37,1114.91
03/11/20,1268.56,1281.63,1238.00,1249.89
03/10/20,1262.80,1285.65,1258.70,1271.25
03/09/20,1272.95,1299.77,1249.31,1255.94
03/06/20,1373.19,1374.20,1359.75,1364.57
03/05/20,1391.35,1408.35,1390.83,1390.83
03/04/20,1361.44,1380.82,1358.24,1378.61
03/03/20,1357.72,1380.39,1352.22,1375.02
03/02/20,1355.99,1358.52,1317.45,1335.72
02/28/20,1348.46,1357.15,1337.00,1340.52
02/27/20,1369.83,1397.69,1355.63,1395.08
02/26/20,1425.56,1428.35,1366.41,1366.41
02/25/20,1436.24,1446.63,1416.40,1439.10
02/24/20,1473.57,1474.12,1435.56,1435.56
02/21/20,1480.53,1495.17,1476.89,1495.09
02/20/20,1504.48,1504.95,1484.51,1491.24
02/19/20,1517.78,1523.61,1501.74,1505.54
02/18/20,1521.00,1522.33,1510.52,1513.68
02/17/20,1528.48,1532.87,1523.74,1527.25
02/14/20,1537.16,1540.46,1524.15,1526.30
02/13/20,1539.31,1542.19,1530.44,1532.77
02/12/20,1530.59,1542.76,1529.15,1539.84
02/11/20,1538.31,1539.43,1522.97,1523.93
02/07/20,1536.28,1539.36,1527.34,1535.24
02/06/20,1538.29,1541.81,1530.51,1535.79
02/05/20,1521.67,1534.93,1516.55,1534.14
02/04/20,1501.34,1520.10,1499.21,1519.38
02/03/20,1507.28,1513.43,1495.94,1496.06
01/31/20,1528.86,1532.09,1514.14,1514.14
01/30/20,1516.36,1525.17,1515.68,1523.99
01/29/20,1522.88,1528.14,1511.15,1524.59
01/28/20,1519.55,1535.23,1507.36,1513.26
01/27/20,1546.90,1548.11,1519.03,1524.15
01/24/20,1575.07,1576.68,1567.07,1569.55
01/23/20,1570.66,1577.92,1567.10,1573.70
01/22/20,1579.25,1580.34,1566.86,1574.59
01/21/20,1584.17,1587.85,1573.26,1574.94
01/20/20,1597.50,1598.70,1586.73,1589.11
01/17/20,1600.28,1604.28,1595.96,1600.48
01/16/20,1582.77,1598.38,1581.75,1595.87
01/15/20,1582.96,1587.77,1575.98,1581.05
01/14/20,1589.68,1592.84,1579.83,1586.90
01/13/20,1586.13,1588.79,1579.34,1586.16
01/10/20,1583.48,1584.16,1573.80,1580.63
01/09/20,1572.74,1581.50,1568.16,1579.64
01/08/20,1569.82,1572.03,1555.75,1559.27
01/07/20,1578.52,1585.44,1570.04,1585.23
01/06/20,1584.13,1585.56,1565.93,1568.50
01/03/20,1596.95,1604.43,1592.90,1594.97
01/02/20,1584.35,1597.92,1583.18,1595.82
12/30/19,1581.05,1583.86,1575.92,1579.84
12/27/19,1583.46,1588.02,1568.05,1578.22
12/26/19,1573.81,1579.33,1573.44,1579.03
12/25/19,1566.59,1574.41,1564.85,1573.00
12/24/19,1575.03,1576.56,1567.27,1568.63
12/23/19,1574.85,1581.40,1571.30,1573.57
12/20/19,1572.61,1576.43,1566.77,1572.92
12/19/19,1558.80,1576.50,1552.88,1573.51
12/18/19,1555.55,1566.27,1554.99,1563.74
12/17/19,1551.71,1556.82,1543.22,1548.65
12/16/19,1572.64,1573.41,1549.69,1549.74
12/13/19,1577.38,1582.16,1570.07,1573.91
12/12/19,1558.60,1568.62,1557.10,1563.85
12/11/19,1555.38,1559.19,1546.51,1551.82
12/09/19,1559.84,1559.93,1548.01,1552.96
12/06/19,1571.10,1575.79,1558.50,1558.99
12/04/19,1562.22,1570.39,1556.51,1565.45
12/03/19,1562.63,1574.12,1561.46,1567.63
12/02/19,1588.59,1589.34,1566.68,1569.53
11/29/19,1594.04,1594.54,1580.08,1590.59
11/28/19,1607.97,1608.67,1595.11,1597.68
11/27/19,1611.85,1613.81,1604.34,1607.27
11/26/19,1618.15,1620.60,1608.64,1609.38
11/25/19,1603.13,1614.80,1601.76,1614.80
11/22/19,1595.38,1599.49,1591.18,1597.72
11/21/19,1594.95,1595.77,1583.77,1591.86
11/20/19,1599.42,1603.57,1595.01,1596.83
11/19/19,1605.47,1609.30,1600.05,1607.25
11/18/19,1605.19,1609.99,1596.80,1608.00
11/15/19,1613.30,1615.48,1595.32,1602.23
11/14/19,1616.61,1619.86,1605.32,1609.47
11/13/19,1621.91,1627.45,1610.93,1615.14
11/12/19,1625.42,1632.82,1622.18,1626.20
11/11/19,1632.77,1634.09,1619.02,1622.12
11/08/19,1641.55,1642.50,1634.50,1637.85
11/07/19,1623.64,1641.38,1620.12,1640.88
11/06/19,1627.23,1631.34,1621.34,1623.99
11/05/19,1628.73,1629.77,1617.72,1626.87
11/04/19,1601.90,1624.83,1600.95,1622.25
11/01/19,1600.73,1603.53,1589.72,1592.52
10/31/19,1606.71,1610.03,1600.23,1601.49
10/30/19,1594.40,1601.83,1589.48,1601.83
10/29/19,1601.44,1605.45,1588.82,1591.21
10/28/19,1591.64,1599.10,1579.13,1596.48
10/25/19,1620.61,1622.66,1592.66,1593.28
10/24/19,1636.07,1637.49,1617.59,1620.97
10/22/19,1625.06,1631.94,1624.44,1631.46
10/21/19,1630.43,1631.63,1619.49,1620.78
10/18/19,1634.40,1637.36,1623.38,1631.43
10/17/19,1638.98,1640.15,1630.47,1632.80
10/16/19,1629.88,1636.51,1628.87,1634.46
10/15/19,1631.05,1633.89,1621.73,1627.01
10/11/19,1613.47,1627.26,1613.08,1626.00
10/10/19,1614.07,1615.25,1606.71,1607.50
10/09/19,1610.65,1617.38,1603.97,1616.18
10/08/19,1620.29,1623.56,1609.27,1612.17
10/07/19,1613.71,1616.06,1607.32,1613.71
10/04/19,1605.96,1615.33,1603.61,1605.96
10/03/19,1606.38,1614.84,1605.13,1610.69
10/02/19,1617.83,1619.34,1608.89,1613.64
10/01/19,1637.59,1639.14,1623.03,1624.09
09/30/19,1643.13,1645.06,1634.10,1637.22
09/27/19,1636.42,1648.67,1630.39,1643.76
09/26/19,1633.92,1638.25,1630.81,1636.75
09/25/19,1624.69,1630.56,1621.63,1628.38
09/24/19,1623.60,1634.04,1622.75,1630.50
09/23/19,1635.31,1636.16,1620.77,1622.79
09/20/19,1641.23,1644.29,1627.90,1636.20
09/19/19,1656.66,1660.81,1638.47,1640.66
09/18/19,1663.62,1664.81,1650.64,1654.14
09/17/19,1661.59,1670.62,1659.14,1663.93
09/16/19,1666.77,1668.77,1658.65,1662.93
09/13/19,1664.37,1667.49,1655.95,1661.96
09/12/19,1678.32,1679.03,1659.42,1660.68
09/11/19,1669.36,1674.73,1661.66,1674.03
09/10/19,1675.10,1677.47,1662.28,1665.93
09/09/19,1673.22,1676.62,1666.61,1671.22
09/06/19,1677.41,1679.65,1667.61,1670.06
09/05/19,1670.91,1673.84,1663.34,1669.79
09/04/19,1650.87,1664.56,1647.29,1658.64
09/03/19,1657.30,1660.26,1642.23,1642.25
09/02/19,1651.20,1658.66,1646.59,1654.11
08/30/19,1647.06,1654.93,1643.04,1654.92
08/29/19,1621.92,1639.17,1621.06,1639.14
08/28/19,1618.30,1624.27,1615.19,1616.93
08/27/19,1625.04,1630.55,1612.10,1615.47
08/26/19,1620.36,1624.77,1609.40,1622.73
08/23/19,1637.70,1646.74,1636.20,1646.68
08/22/19,1628.10,1638.03,1627.30,1633.56
08/21/19,1628.55,1642.07,1623.24,1638.24
08/20/19,1642.82,1643.41,1621.85,1625.57
08/19/19,1639.42,1643.65,1633.79,1637.26
08/16/19,1608.98,1632.42,1607.22,1631.40
08/15/19,1605.00,1614.08,1590.55,1604.03
08/14/19,1634.72,1640.92,1612.09,1619.45
08/13/19,1642.82,1644.15,1619.03,1620.23
08/09/19,1672.22,1675.44,1649.52,1650.64
08/08/19,1670.93,1673.84,1660.36,1665.12
08/07/19,1672.52,1681.81,1665.14,1669.44
08/06/19,1652.72,1673.38,1647.49,1671.48
08/05/19,1675.02,1681.36,1664.73,1665.99
08/02/19,1680.52,1687.15,1671.97,1684.71
08/01/19,1706.56,1709.05,1694.93,1699.75
07/31/19,1704.04,1716.05,1702.72,1711.97
07/30/19,1718.55,1722.20,1704.03,1706.49
07/26/19,1729.26,1730.08,1714.81,1717.97
07/25/19,1727.13,1732.92,1725.47,1730.90
07/24/19,1727.81,1730.71,1720.60,1725.44
07/23/19,1730.70,1732.69,1719.93,1724.87
07/22/19,1733.24,1735.88,1723.64,1727.58
07/19/19,1734.38,1738.70,1732.16,1735.10
07/18/19,1714.75,1725.94,1714.41,1723.44
07/17/19,1726.04,1729.88,1717.82,1718.85
07/15/19,1733.77,1737.65,1727.98,1727.98
07/12/19,1744.73,1746.21,1728.36,1731.59
07/11/19,1745.85,1748.15,1738.63,1740.45
07/10/19,1726.73,1741.76,1724.58,1739.43
07/09/19,1728.46,1734.35,1721.33,1721.48
07/08/19,1727.10,1734.13,1722.53,1731.03
07/05/19,1725.45,1731.84,1719.61,1731.23
07/04/19,1741.31,1747.11,1714.98,1724.37
07/03/19,1733.51,1742.17,1729.79,1738.51
07/02/19,1732.23,1741.64,1730.05,1732.23
07/01/19,1740.91,1747.53,1739.48,1740.91
06/28/19,1731.89,1735.61,1729.46,1730.34
06/27/19,1726.77,1735.88,1725.55,1731.64
06/26/19,1717.19,1723.24,1715.41,1722.21
06/25/19,1716.05,1725.42,1707.77,1721.33
06/24/19,1722.64,1724.23,1713.02,1716.00
06/21/19,1722.60,1727.83,1714.09,1717.14
06/20/19,1711.37,1722.90,1708.12,1717.82
06/19/19,1693.85,1711.89,1691.95,1705.98
06/18/19,1667.30,1683.78,1665.19,1683.60
06/17/19,1667.23,1678.20,1667.15,1667.23
06/14/19,1673.55,1675.90,1667.38,1672.33
06/13/19,1669.53,1675.84,1663.39,1674.14
06/12/19,1669.08,1672.50,1665.02,1671.11
06/11/19,1667.55,1675.60,1663.36,1670.41
06/10/19,1661.72,1667.69,1661.37,1664.73
06/07/19,1656.84,1658.93,1650.30,1653.50
06/06/19,1648.54,1655.33,1643.27,1653.41
06/05/19,1647.52,1650.70,1642.35,1648.46
06/04/19,1624.65,1640.54,1622.99,1637.69
05/31/19,1620.58,1627.33,1612.17,1620.22
05/30/19,1619.26,1628.37,1618.63,1621.57
05/29/19,1631.29,1632.06,1618.71,1619.36
05/28/19,1627.86,1632.47,1618.33,1632.04
05/27/19,1619.66,1628.34,1614.05,1624.84
05/24/19,1604.67,1617.62,1599.10,1614.12
05/23/19,1622.21,1625.98,1608.26,1609.79
05/22/19,1616.55,1628.06,1616.49,1626.91
05/21/19,1608.82,1616.55,1602.56,1610.49
05/17/19,1618.99,1622.33,1606.69,1608.11
05/16/19,1623.33,1626.08,1604.76,1614.75
05/15/19,1636.83,1638.94,1621.27,1621.27
05/14/19,1631.52,1639.63,1629.56,1633.84
05/13/19,1648.09,1652.33,1634.93,1640.13
05/10/19,1654.26,1656.37,1638.71,1648.69
05/09/19,1653.12,1659.38,1646.07,1646.80
05/08/19,1662.05,1663.40,1650.24,1654.01
05/07/19,1669.38,1675.16,1665.58,1669.68
05/02/19,1677.00,1682.50,1675.90,1679.17
04/30/19,1668.02,1676.64,1667.29,1673.52
04/29/19,1665.57,1669.55,1663.33,1666.68
04/26/19,1673.28,1674.01,1663.14,1667.15
04/25/19,1673.25,1678.19,1670.84,1673.32
04/24/19,1674.43,1676.84,1668.06,1673.43
04/23/19,1674.82,1679.26,1670.75,1671.31
04/22/19,1677.83,1683.79,1673.44,1673.48
04/19/19,1675.37,1679.75,1671.83,1674.10
04/18/19,1674.74,1677.14,1667.70,1675.00
04/17/19,1665.68,1676.00,1664.04,1673.20
04/12/19,1658.00,1662.60,1654.46,1660.45
04/11/19,1661.57,1662.53,1656.33,1659.09
04/10/19,1659.29,1664.68,1658.26,1662.13
04/09/19,1650.55,1660.31,1648.23,1657.74
04/05/19,1646.03,1649.99,1643.13,1646.18
04/04/19,1649.39,1650.75,1640.01,1644.22
04/03/19,1653.08,1654.02,1646.01,1649.06
04/02/19,1650.54,1655.09,1647.93,1651.48
04/01/19,1645.37,1651.14,1644.22,1644.64
03/29/19,1639.31,1644.27,1635.24,1638.65
03/28/19,1626.60,1637.60,1625.77,1634.25
03/27/19,1632.27,1635.43,1624.26,1629.40
03/26/19,1626.89,1634.19,1622.94,1632.32
03/25/19,1632.03,1636.93,1617.89,1625.91
03/22/19,1636.69,1646.94,1633.67,1646.29
03/21/19,1631.79,1640.04,1631.41,1634.00
03/20/19,1631.44,1635.42,1626.97,1627.62
03/19/19,1617.87,1633.26,1617.01,1630.09
03/18/19,1628.85,1630.45,1612.85,1617.57
03/15/19,1636.82,1639.10,1625.41,1625.57
03/14/19,1642.36,1643.56,1634.70,1635.88
03/13/19,1626.42,1639.69,1623.75,1639.67
03/12/19,1631.88,1633.97,1624.55,1627.59
03/11/19,1633.45,1636.20,1625.06,1627.43
03/08/19,1631.69,1637.46,1626.33,1630.12
03/07/19,1624.76,1635.77,1623.32,1633.21
03/06/19,1636.68,1639.42,1624.68,1625.51
03/05/19,1633.51,1641.56,1629.55,1639.00
03/04/19,1641.32,1643.53,1632.83,1635.30
03/01/19,1655.27,1656.64,1640.57,1641.44
02/28/19,1666.33,1666.74,1652.71,1653.48
02/27/19,1663.92,1668.61,1659.62,1665.27
02/26/19,1665.89,1670.77,1662.81,1663.56
02/25/19,1665.30,1674.54,1664.92,1671.75
02/22/19,1645.33,1661.09,1644.51,1659.20
02/21/19,1646.96,1651.80,1642.49,1647.32
02/20/19,1639.16,1647.21,1636.12,1645.38
02/18/19,1644.99,1647.74,1635.71,1635.71
02/15/19,1651.10,1652.06,1634.87,1636.94
02/14/19,1658.41,1659.52,1650.13,1652.64
02/13/19,1649.09,1657.12,1645.84,1655.73
02/12/19,1637.48,1645.63,1635.54,1642.49
02/11/19,1644.75,1647.49,1632.82,1638.00
02/08/19,1647.63,1657.58,1637.58,1651.68
02/07/19,1659.94,1667.01,1649.50,1653.11
02/06/19,1655.14,1663.49,1653.00,1658.71
02/05/19,1653.53,1654.98,1645.57,1653.09
02/04/19,1655.42,1659.26,1652.14,1653.62
02/01/19,1644.61,1655.34,1642.24,1651.40
01/31/19,1640.34,1649.85,1639.90,1641.73
01/30/19,1626.55,1632.83,1622.59,1632.60
01/29/19,1623.00,1625.36,1616.45,1624.05
01/28/19,1627.71,1634.70,1622.58,1625.03
01/25/19,1625.59,1628.62,1617.78,1623.62
01/24/19,1619.12,1628.21,1614.56,1620.53
01/23/19,1601.72,1620.51,1600.35,1617.38
01/22/19,1587.82,1601.80,1586.19,1601.77
01/21/19,1586.72,1595.16,1585.24,1588.38
01/18/19,1585.07,1588.75,1577.86,1583.77
01/17/19,1578.14,1586.88,1576.84,1580.30
01/16/19,1581.37,1582.44,1565.48,1577.41
01/15/19,1587.17,1590.15,1574.37,1577.00
01/14/19,1592.58,1594.06,1580.56,1582.57
01/11/19,1591.21,1597.18,1586.93,1597.04
01/10/19,1590.07,1599.10,1579.20,1587.63
01/09/19,1604.21,1609.39,1587.53,1590.50
01/08/19,1594.07,1597.35,1587.47,1594.00
01/07/19,1584.74,1596.97,1582.69,1592.72
01/04/19,1559.63,1575.13,1550.22,1575.13
01/03/19,1571.48,1578.17,1556.77,1560.03
01/02/19,1567.09,1575.22,1563.66,1565.94
12/28/18,1550.87,1564.02,1549.70,1563.88
12/27/18,1582.22,1585.77,1546.62,1548.37
12/26/18,1556.95,1562.00,1548.99,1556.93
12/25/18,1576.40,1576.75,1555.00,1556.65
12/24/18,1589.69,1599.89,1588.56,1591.29
12/21/18,1588.99,1601.58,1586.35,1595.33
12/20/18,1594.86,1599.20,1583.11,1596.10
12/19/18,1582.58,1601.17,1578.64,1601.12
12/18/18,1594.10,1595.32,1580.58,1583.19
12/17/18,1612.87,1615.63,1593.37,1601.48
12/14/18,1613.23,1620.60,1602.42,1609.45
12/13/18,1638.96,1642.20,1612.91,1614.99
12/12/18,1642.42,1644.90,1632.34,1634.88
12/11/18,1646.87,1647.88,1633.11,1633.62
12/07/18,1656.11,1659.45,1648.33,1649.99
12/06/18,1653.09,1658.64,1649.23,1653.73
12/04/18,1674.53,1677.99,1669.10,1672.32
12/03/18,1662.15,1675.43,1660.05,1672.61
11/30/18,1640.70,1647.89,1633.44,1641.80
11/29/18,1646.62,1650.69,1635.19,1636.49
11/28/18,1636.59,1644.27,1635.37,1640.63
11/27/18,1630.08,1636.89,1627.54,1634.27
11/26/18,1621.99,1631.74,1616.97,1630.77
11/23/18,1607.11,1623.01,1600.63,1622.10
11/22/18,1616.95,1622.01,1603.00,1604.40
11/21/18,1603.73,1622.14,1598.57,1617.33
11/20/18,1631.81,1632.23,1610.18,1612.03
11/19/18,1634.10,1640.53,1630.96,1636.48
11/16/18,1640.47,1646.46,1632.94,1635.00
11/15/18,1656.60,1658.02,1638.67,1638.83
11/14/18,1655.09,1660.74,1646.24,1652.30
11/13/18,1645.42,1664.51,1642.83,1659.78
11/12/18,1672.85,1673.42,1654.80,1654.85
11/09/18,1675.84,1677.51,1664.85,1668.52
11/08/18,1685.29,1688.90,1681.25,1681.73
11/07/18,1673.65,1676.09,1656.51,1675.33
11/06/18,1677.45,1684.44,1669.22,1669.33
11/05/18,1670.46,1673.01,1666.50,1670.58
11/02/18,1675.09,1687.76,1672.09,1681.84
11/01/18,1672.14,1674.87,1660.11,1667.55
10/31/18,1651.07,1669.27,1649.27,1669.09
10/30/18,1638.83,1645.31,1633.73,1638.51
10/29/18,1632.26,1645.98,1630.73,1636.88
10/26/18,1637.48,1639.67,1625.33,1628.96
10/25/18,1605.91,1645.91,1596.40,1644.33
10/24/18,1641.61,1647.90,1618.82,1623.37
10/22/18,1669.82,1674.25,1654.90,1658.56
10/19/18,1680.12,1681.92,1664.09,1667.91
10/18/18,1692.15,1694.67,1681.24,1682.91
10/17/18,1708.09,1710.39,1695.04,1695.04
10/16/18,1697.56,1701.57,1689.83,1697.87
10/12/18,1690.28,1699.60,1688.44,1696.16
10/11/18,1679.27,1688.63,1673.59,1682.89
10/10/18,1709.34,1721.82,1707.63,1721.82
10/09/18,1699.99,1708.72,1690.92,1696.92
10/08/18,1719.71,1728.24,1696.20,1696.22
10/05/18,1726.41,1732.36,1718.12,1720.52
10/04/18,1735.74,1740.59,1720.13,1729.40
10/03/18,1753.79,1757.43,1741.96,1741.96
10/02/18,1757.33,1762.24,1746.06,1748.09
10/01/18,1762.30,1765.06,1757.74,1760.47
09/28/18,1757.60,1758.95,1751.09,1756.41
09/27/18,1751.70,1753.16,1735.58,1752.95
09/26/18,1752.52,1755.57,1746.99,1749.93
09/25/18,1753.66,1756.85,1745.73,1747.99
09/24/18,1751.29,1759.51,1748.52,1749.42
09/21/18,1758.80,1766.62,1753.32,1756.12
09/20/18,1757.42,1762.17,1749.72,1752.11
09/19/18,1749.63,1762.72,1747.47,1749.80
09/18/18,1718.49,1748.76,1716.75,1744.42
09/17/18,1717.99,1725.03,1711.57,1718.39
09/14/18,1724.83,1727.83,1718.11,1722.21
09/13/18,1691.04,1723.48,1690.84,1717.96
09/12/18,1672.04,1680.54,1666.07,1679.39
09/11/18,1690.65,1694.86,1672.40,1672.42
09/10/18,1686.78,1692.16,1680.50,1691.51
09/07/18,1687.95,1694.56,1683.58,1689.49
09/06/18,1685.38,1694.05,1676.67,1693.94
09/05/18,1709.26,1711.37,1685.95,1686.37
09/04/18,1722.56,1724.86,1713.96,1714.41
09/03/18,1721.94,1726.30,1718.87,1721.21
08/31/18,1714.48,1721.99,1712.92,1721.58
08/30/18,1726.28,1730.65,1720.41,1720.43
08/29/18,1721.36,1723.03,1714.14,1722.26
08/28/18,1723.96,1728.22,1716.57,1718.15
08/27/18,1710.04,1717.45,1708.94,1717.24
08/24/18,1701.31,1704.59,1697.59,1703.82
08/23/18,1705.63,1709.90,1701.30,1704.80
08/22/18,1695.94,1705.91,1695.34,1698.30
08/21/18,1703.82,1707.63,1688.59,1694.63
08/20/18,1698.97,1705.33,1693.90,1701.42
08/17/18,1688.01,1694.39,1687.03,1690.04
08/16/18,1673.33,1682.43,1664.90,1680.96
08/15/18,1688.64,1690.24,1673.77,1676.29
08/14/18,1692.77,1697.06,1684.00,1695.35
08/10/18,1718.50,1719.03,1705.20,1705.96
08/09/18,1722.69,1729.42,1716.90,1722.48
08/08/18,1709.16,1723.50,1707.59,1721.64
08/07/18,1701.01,1710.75,1692.01,1707.26
08/06/18,1718.00,1721.05,1694.98,1696.24
08/03/18,1708.19,1715.48,1706.54,1712.09
08/02/18,1716.33,1718.41,1700.69,1708.28
08/01/18,1705.48,1722.72,1703.39,1722.01
07/31/18,1704.04,1709.58,1695.59,1701.79
07/26/18,1700.53,1702.30,1689.69,1701.87
07/25/18,1678.63,1695.20,1678.09,1690.08
07/24/18,1684.20,1686.81,1667.95,1674.22
07/23/18,1672.11,1681.74,1665.92,1675.75
07/20/18,1651.36,1674.32,1648.44,1671.06
07/19/18,1641.22,1650.85,1637.20,1646.89
07/18/18,1632.17,1638.52,1630.04,1635.85
07/17/18,1624.68,1629.18,1616.59,1626.07
07/16/18,1638.35,1640.74,1623.42,1627.69
07/13/18,1645.33,1649.66,1639.49,1643.52
07/12/18,1634.73,1646.12,1633.53,1640.93
07/11/18,1631.63,1641.34,1628.03,1636.63
07/10/18,1629.01,1643.76,1617.51,1643.60
07/09/18,1626.11,1629.21,1620.92,1622.96
07/06/18,1598.76,1618.36,1587.94,1614.76
07/05/18,1626.78,1628.79,1596.55,1601.42
07/04/18,1625.17,1632.43,1615.90,1629.20
07/03/18,1607.20,1628.30,1600.71,1626.62
07/02/18,1597.01,1607.41,1586.34,1607.27
06/29/18,1604.51,1609.86,1584.68,1595.58
06/28/18,1623.67,1624.97,1599.44,1599.54
06/27/18,1631.39,1638.73,1615.38,1618.66
06/26/18,1615.79,1629.02,1608.24,1623.98
06/25/18,1641.02,1646.37,1621.12,1622.28
06/22/18,1641.58,1648.74,1628.16,1634.98
06/21/18,1663.63,1664.97,1629.26,1634.44
06/20/18,1647.22,1665.27,1640.13,1664.26
06/19/18,1667.47,1674.28,1633.72,1639.54
06/18/18,1694.24,1695.44,1679.48,1679.68
06/15/18,1706.52,1711.40,1695.39,1704.82
06/14/18,1714.52,1715.65,1699.66,1709.86
06/13/18,1726.47,1728.54,1716.38,1718.34
06/12/18,1725.91,1735.84,1724.71,1727.29
06/11/18,1723.80,1727.63,1716.25,1723.11
06/08/18,1735.78,1736.00,1721.88,1722.04
06/07/18,1743.63,1746.50,1733.01,1733.05
06/06/18,1737.23,1744.48,1731.98,1738.70
06/05/18,1722.38,1734.32,1710.81,1732.71
06/04/18,1718.92,1724.71,1715.82,1721.29
06/01/18,1726.85,1729.88,1714.62,1719.82
05/31/18,1730.02,1734.28,1720.31,1726.97
05/30/18,1717.50,1726.65,1711.73,1725.14
05/28/18,1735.81,1738.92,1729.66,1734.54
05/25/18,1735.95,1741.23,1725.06,1741.21
05/24/18,1747.17,1751.04,1729.95,1732.51
05/23/18,1756.20,1761.61,1747.75,1753.60
05/22/18,1769.23,1771.16,1754.82,1760.71
05/21/18,1761.04,1770.13,1758.47,1768.31
05/18/18,1752.57,1755.53,1745.90,1754.17
05/17/18,1752.24,1757.97,1745.45,1751.20
05/16/18,1757.90,1761.06,1747.32,1750.62
05/15/18,1773.41,1774.71,1759.22,1766.86
05/14/18,1770.32,1774.82,1767.23,1773.10
05/11/18,1749.94,1765.94,1746.03,1765.93
05/10/18,1762.33,1763.06,1744.55,1746.89
05/09/18,1761.19,1763.25,1751.22,1756.90
05/08/18,1780.49,1782.08,1756.72,1760.25
05/07/18,1785.65,1789.77,1776.32,1779.80
05/04/18,1786.87,1792.22,1777.10,1779.87
05/03/18,1786.55,1797.56,1786.00,1790.80
05/02/18,1777.27,1791.14,1771.65,1791.13
04/30/18,1782.10,1784.50,1776.94,1780.11
04/27/18,1777.38,1779.80,1767.12,1778.02
04/26/18,1780.01,1785.28,1770.34,1773.20
04/25/18,1781.28,1787.00,1772.35,1779.52
04/24/18,1796.50,1803.21,1784.48,1788.20
04/23/18,1800.78,1805.78,1789.02,1790.14
04/20/18,1797.31,1805.73,1787.95,1801.28
04/19/18,1778.20,1795.30,1776.81,1794.94
04/18/18,1761.83,1772.27,1760.67,1771.56
04/17/18,1766.82,1768.38,1752.43,1755.53
04/12/18,1764.20,1770.01,1757.76,1767.17
04/11/18,1763.31,1770.47,1756.40,1763.22
04/10/18,1757.00,1761.76,1744.73,1760.95
04/09/18,1737.08,1752.91,1735.38,1751.27
04/05/18,1735.74,1740.84,1724.88,1739.92
04/04/18,1767.46,1771.58,1724.90,1724.98
04/03/18,1773.70,1779.04,1764.18,1765.24
04/02/18,1774.72,1783.73,1771.58,1782.28
03/30/18,1774.34,1777.06,1753.93,1776.26
03/29/18,1783.72,1789.00,1756.62,1766.92
03/28/18,1797.84,1802.71,1782.07,1784.99
03/27/18,1807.79,1810.53,1799.88,1802.58
03/26/18,1797.27,1801.50,1792.99,1801.10
03/23/18,1780.88,1794.21,1779.73,1794.21
03/22/18,1809.00,1813.64,1796.75,1798.55
03/21/18,1806.92,1808.85,1796.35,1801.43
03/20/18,1793.62,1803.84,1793.09,1799.84
03/19/18,1812.33,1812.94,1797.58,1799.79
03/16/18,1813.00,1818.53,1809.41,1811.76
03/15/18,1815.12,1820.51,1809.94,1816.08
03/14/18,1805.22,1817.36,1803.60,1813.40
03/13/18,1797.80,1809.90,1793.78,1809.90
03/12/18,1789.16,1800.33,1784.39,1800.32
03/09/18,1784.88,1786.43,1761.63,1775.37
03/08/18,1785.44,1794.18,1772.79,1778.90
03/07/18,1797.04,1798.13,1780.12,1781.64
03/06/18,1812.27,1817.93,1795.34,1799.06
03/05/18,1812.27,1817.08,1792.14,1808.89
03/02/18,1821.17,1825.63,1806.84,1811.98
02/28/18,1828.62,1840.06,1825.67,1830.13
02/27/18,1842.92,1852.51,1830.03,1830.39
02/26/18,1811.54,1834.21,1809.33,1834.18
02/23/18,1792.83,1809.30,1790.28,1808.06
02/22/18,1801.08,1808.58,1787.70,1788.63
02/21/18,1812.49,1814.83,1797.79,1801.16
02/20/18,1811.16,1815.33,1801.02,1801.02
02/19/18,1812.36,1819.36,1809.14,1809.67
02/16/18,1804.60,1809.75,1802.39,1805.89
02/15/18,1799.69,1801.95,1790.80,1800.86
02/14/18,1805.68,1806.78,1792.00,1792.09
02/13/18,1804.64,1806.11,1797.29,1800.03
02/12/18,1790.00,1799.45,1786.25,1799.45
02/09/18,1767.31,1788.01,1766.82,1786.45
02/08/18,1787.24,1796.07,1781.18,1786.66
02/07/18,1801.94,1804.75,1782.94,1785.44
02/06/18,1775.42,1792.17,1758.31,1788.43
02/05/18,1798.42,1813.94,1796.93,1810.32
02/02/18,1838.98,1841.94,1822.72,1827.35
02/01/18,1833.53,1837.86,1830.55,1833.60
01/31/18,1820.35,1834.26,1819.50,1826.86
01/30/18,1834.37,1835.59,1821.40,1826.61
01/29/18,1835.90,1839.85,1831.15,1837.49
01/26/18,1819.45,1829.07,1806.13,1828.88
01/25/18,1843.30,1848.07,1819.29,1819.29
01/24/18,1831.39,1841.21,1829.08,1838.96
01/23/18,1830.92,1836.68,1825.07,1831.78
01/22/18,1819.14,1827.29,1815.13,1824.06
01/19/18,1815.20,1821.34,1803.55,1821.34
01/18/18,1836.35,1837.92,1819.18,1819.32
01/17/18,1819.13,1828.93,1816.06,1828.88
01/16/18,1829.09,1831.45,1816.90,1821.83
01/15/18,1819.24,1830.68,1818.51,1822.66
01/12/18,1810.13,1816.81,1808.53,1810.19
01/11/18,1795.08,1804.54,1786.47,1802.80
01/10/18,1803.14,1807.09,1791.82,1794.92
01/09/18,1795.89,1798.69,1784.75,1795.21
01/08/18,1799.59,1813.17,1792.81,1792.81
01/05/18,1793.89,1803.93,1787.34,1795.45
01/04/18,1786.64,1791.39,1779.28,1791.02
01/03/18,1759.61,1779.55,1758.07,1778.53
12/29/17,1747.58,1753.73,1745.77,1753.71
12/28/17,1755.55,1756.64,1734.70,1743.29
12/27/17,1756.16,1763.36,1751.98,1752.89
12/26/17,1751.05,1754.68,1743.27,1752.48
12/25/17,1745.64,1752.82,1744.34,1750.22
12/22/17,1739.06,1744.21,1736.26,1742.08
12/21/17,1739.54,1742.04,1734.73,1736.91
12/20/17,1734.45,1739.29,1728.81,1738.16
12/19/17,1727.22,1736.83,1726.82,1732.31
12/18/17,1720.41,1727.07,1717.33,1723.71
12/15/17,1713.26,1717.69,1709.16,1717.69
12/14/17,1709.52,1716.14,1707.49,1714.99
12/13/17,1704.01,1708.70,1702.58,1706.93
12/12/17,1709.54,1710.80,1699.98,1702.17
12/08/17,1706.69,1712.49,1704.07,1706.52
12/07/17,1693.81,1703.51,1690.44,1703.37
12/06/17,1694.96,1696.63,1686.02,1694.39
12/04/17,1704.70,1706.48,1692.45,1697.61
12/01/17,1704.20,1705.97,1696.46,1699.65
11/30/17,1702.54,1708.42,1691.80,1697.39
11/29/17,1710.33,1715.41,1705.00,1705.33
11/28/17,1696.06,1706.55,1695.84,1706.52
11/27/17,1693.99,1699.71,1687.43,1695.67
11/24/17,1707.80,1710.78,1691.45,1695.84
11/23/17,1716.47,1719.00,1707.33,1707.38
11/22/17,1715.29,1722.45,1713.12,1713.13
11/21/17,1716.74,1718.80,1707.31,1710.48
11/20/17,1715.02,1718.29,1711.39,1714.38
11/17/17,1701.48,1711.49,1697.65,1709.38
11/16/17,1692.79,1699.85,1691.17,1691.25
11/15/17,1700.05,1701.01,1688.65,1690.26
11/14/17,1688.96,1704.82,1684.82,1702.63
11/13/17,1686.89,1690.78,1680.53,1687.05
11/10/17,1702.92,1704.51,1688.77,1689.28
11/09/17,1718.02,1718.74,1702.14,1703.03
11/08/17,1714.30,1718.70,1709.81,1714.65
11/07/17,1716.26,1721.08,1711.29,1712.75
11/06/17,1703.17,1713.08,1695.67,1711.74
11/03/17,1707.02,1707.87,1696.66,1701.47
11/02/17,1714.62,1716.22,1701.93,1701.93
11/01/17,1728.80,1729.64,1713.70,1714.55
10/31/17,1721.02,1726.52,1717.63,1721.37
10/30/17,1720.12,1723.04,1704.17,1718.66
10/27/17,1712.33,1721.88,1712.02,1716.03
10/25/17,1708.37,1711.58,1704.97,1708.84
10/24/17,1694.33,1706.00,1693.03,1701.81
10/20/17,1673.51,1696.50,1673.01,1692.58
10/19/17,1707.70,1712.52,1681.00,1683.43
10/18/17,1723.43,1723.61,1707.53,1707.53
10/17/17,1726.29,1729.80,1719.26,1724.47
10/16/17,1719.67,1728.62,1719.12,1726.67
10/12/17,1718.06,1719.60,1709.57,1712.48
10/11/17,1714.73,1718.97,1710.76,1714.14
10/10/17,1694.53,1708.35,1687.01,1706.95
10/09/17,1698.73,1700.75,1691.82,1692.22
10/06/17,1696.24,1701.12,1693.79,1695.97
10/05/17,1689.91,1692.95,1685.46,1690.87
10/04/17,1693.92,1698.59,1682.04,1687.77
10/03/17,1691.73,1692.85,1684.38,1689.97
10/02/17,1677.22,1691.13,1676.97,1688.64
09/29/17,1666.30,1676.48,1664.43,1673.16
09/28/17,1672.62,1675.32,1660.29,1666.36
09/27/17,1671.15,1675.44,1663.17,1670.27
09/26/17,1671.81,1674.59,1667.92,1669.75
09/25/17,1660.55,1669.57,1657.78,1667.59
09/22/17,1666.42,1670.29,1658.26,1659.05
09/21/17,1671.29,1676.78,1668.36,1670.49
09/20/17,1671.96,1675.06,1664.33,1670.65
09/19/17,1673.13,1675.14,1663.95,1672.59
09/18/17,1663.34,1678.23,1662.90,1670.20
09/15/17,1659.88,1662.64,1653.41,1660.53
09/14/17,1646.37,1661.60,1643.80,1659.10
09/13/17,1648.04,1652.51,1640.94,1642.94
09/12/17,1641.50,1646.16,1639.14,1643.55
09/11/17,1637.67,1642.88,1634.12,1637.54
09/08/17,1638.81,1647.54,1633.84,1635.61
09/07/17,1623.97,1634.30,1622.34,1632.66
09/06/17,1620.86,1621.42,1615.31,1621.30
09/05/17,1620.70,1623.95,1616.33,1620.42
09/04/17,1618.63,1621.37,1614.30,1619.11
09/01/17,1621.40,1624.37,1617.33,1618.42
08/31/17,1611.53,1616.80,1607.78,1616.16
08/30/17,1617.83,1626.22,1610.45,1613.34
08/29/17,1586.68,1617.73,1585.48,1614.14
08/28/17,1579.09,1589.72,1577.72,1585.79
08/25/17,1576.42,1577.61,1571.13,1575.85
08/24/17,1575.55,1577.98,1572.10,1575.96
08/23/17,1574.90,1576.23,1570.61,1573.38
08/22/17,1571.78,1574.92,1569.75,1573.19
08/21/17,1568.89,1572.11,1567.21,1569.62
08/18/17,1567.17,1568.37,1562.01,1566.53
08/17/17,1568.89,1570.72,1564.75,1568.95
08/16/17,1566.83,1568.64,1562.51,1567.52
08/15/17,1567.41,1572.07,1565.43,1567.19
08/11/17,1567.44,1567.95,1556.22,1561.31
08/10/17,1571.83,1573.11,1566.45,1571.64
08/09/17,1577.95,1578.30,1569.40,1571.51
08/08/17,1575.37,1579.64,1573.21,1577.44
08/07/17,1579.32,1580.47,1573.32,1573.67
08/04/17,1580.40,1582.88,1578.03,1578.26
08/03/17,1580.24,1583.70,1577.93,1578.25
08/02/17,1580.27,1582.59,1577.18,1580.54
08/01/17,1573.92,1579.12,1571.65,1576.45
07/31/17,1582.22,1582.86,1569.79,1576.08
07/27/17,1584.74,1585.27,1578.58,1581.06
07/26/17,1583.52,1586.12,1581.70,1583.17
07/25/17,1578.64,1581.96,1577.32,1581.42
07/24/17,1574.45,1580.19,1573.99,1576.73
07/21/17,1576.90,1579.39,1573.42,1573.51
07/20/17,1577.52,1578.96,1574.71,1575.28
07/19/17,1574.71,1578.06,1572.44,1575.85
07/18/17,1575.35,1577.02,1569.16,1571.52
07/17/17,1581.45,1582.69,1572.61,1574.09
07/14/17,1581.45,1582.23,1574.66,1577.79
07/13/17,1581.43,1584.26,1575.83,1579.41
07/12/17,1572.43,1577.21,1569.93,1574.93
07/11/17,1570.30,1572.02,1564.75,1569.24
07/07/17,1567.70,1570.60,1565.17,1569.44
07/06/17,1575.15,1575.78,1564.05,1569.64
07/05/17,1575.78,1579.28,1573.52,1575.02
07/04/17,1582.04,1583.00,1572.51,1574.11
07/03/17,1577.18,1581.64,1575.12,1579.41
06/30/17,1578.19,1580.20,1567.16,1574.74
06/29/17,1586.91,1590.49,1576.94,1578.12
06/28/17,1586.51,1587.85,1580.86,1582.63
06/27/17,1589.47,1591.09,1584.22,1586.45
06/26/17,1585.84,1589.69,1584.28,1585.61
06/23/17,1582.93,1585.41,1581.28,1582.36
06/22/17,1578.26,1583.67,1577.63,1580.91
06/21/17,1577.29,1578.63,1573.70,1577.01
06/20/17,1583.74,1584.15,1577.67,1578.62
06/19/17,1579.74,1583.77,1579.32,1581.14
06/16/17,1576.77,1579.23,1573.15,1576.58
06/15/17,1575.28,1580.52,1573.53,1573.53
06/14/17,1574.09,1578.53,1570.70,1577.00
06/13/17,1565.41,1573.32,1564.55,1572.36
06/12/17,1566.85,1569.70,1560.75,1563.81
06/09/17,1571.12,1571.70,1564.53,1566.65
06/08/17,1567.76,1571.78,1563.31,1570.28
06/07/17,1571.14,1573.16,1565.93,1566.58
06/06/17,1568.18,1570.49,1562.85,1568.95
06/05/17,1572.50,1573.13,1562.73,1566.85
06/02/17,1565.09,1570.96,1564.70,1567.60
06/01/17,1562.08,1565.63,1559.51,1563.11
05/31/17,1572.06,1574.44,1558.22,1561.66
05/30/17,1569.84,1572.15,1567.62,1568.57
05/29/17,1569.62,1571.68,1566.30,1568.17
05/26/17,1568.66,1572.66,1566.81,1569.27
05/25/17,1569.07,1571.68,1566.75,1569.41
05/24/17,1565.77,1567.92,1563.49,1566.15
05/23/17,1560.84,1565.61,1558.07,1564.69
05/22/17,1553.67,1560.11,1553.64,1557.73
05/19/17,1547.23,1552.23,1545.23,1549.64
05/18/17,1544.35,1548.60,1541.22,1545.88
05/17/17,1547.51,1552.55,1545.17,1548.29
05/16/17,1537.36,1548.35,1536.48,1546.35
05/15/17,1541.56,1542.11,1531.68,1537.42
05/12/17,1550.12,1550.13,1537.43,1543.94
05/11/17,1562.89,1564.31,1546.81,1550.27
05/09/17,1570.61,1571.08,1557.60,1560.31
05/08/17,1568.00,1571.42,1565.74,1568.02
05/05/17,1570.70,1571.80,1563.95,1569.02
05/04/17,1565.77,1574.38,1565.59,1573.05
05/03/17,1565.66,1569.51,1563.20,1564.12
05/02/17,1566.59,1570.07,1563.91,1564.12
04/28/17,1568.56,1569.12,1562.82,1566.32
04/27/17,1566.83,1569.36,1563.58,1566.77
04/26/17,1562.32,1569.10,1559.64,1567.47
04/25/17,1567.50,1569.90,1553.44,1562.27
04/24/17,1571.16,1572.77,1562.20,1564.66
04/21/17,1569.90,1573.39,1567.55,1570.02
04/20/17,1566.70,1572.90,1565.67,1566.28
04/19/17,1573.88,1575.11,1567.03,1567.19
04/18/17,1579.62,1583.78,1574.42,1574.42
04/17/17,1585.78,1585.96,1574.80,1575.91
04/12/17,1584.97,1589.50,1584.40,1589.50
04/11/17,1582.51,1585.93,1579.96,1582.78
04/10/17,1580.96,1583.04,1576.99,1581.19
04/07/17,1580.16,1583.88,1575.44,1583.53
04/05/17,1584.64,1585.46,1577.36,1582.12
04/04/17,1580.53,1586.04,1579.07,1583.82
04/03/17,1578.48,1583.55,1577.78,1580.86
03/31/17,1582.98,1584.96,1574.71,1575.11
03/30/17,1576.18,1584.73,1574.14,1579.88
03/29/17,1575.78,1579.59,1573.06,1574.97
03/28/17,1573.36,1579.59,1572.06,1576.72
03/27/17,1573.67,1576.12,1568.48,1570.50
03/24/17,1569.21,1575.39,1566.60,1573.51
03/23/17,1571.48,1573.25,1567.42,1568.72
03/22/17,1561.25,1569.99,1558.00,1566.66
03/21/17,1566.00,1571.74,1564.06,1568.78
03/20/17,1564.43,1568.29,1561.79,1563.54
03/17/17,1559.97,1562.82,1554.49,1560.98
03/16/17,1548.89,1559.61,1547.42,1557.05
03/15/17,1542.57,1545.28,1537.47,1540.80
03/14/17,1533.50,1546.01,1531.73,1543.15
03/13/17,1537.08,1538.10,1528.78,1535.51
03/10/17,1547.91,1548.59,1537.23,1539.91
03/09/17,1548.23,1551.20,1544.62,1549.24
03/08/17,1549.29,1551.73,1534.85,1551.73
03/07/17,1552.44,1556.95,1549.09,1549.87
03/06/17,1564.41,1564.89,1550.98,1553.61
03/03/17,1567.06,1569.74,1564.16,1566.20
03/02/17,1571.28,1573.31,1568.42,1569.94
03/01/17,1562.03,1567.36,1559.85,1567.19
02/28/17,1559.48,1563.96,1557.93,1559.56
02/27/17,1560.58,1562.86,1555.52,1558.03
02/24/17,1566.64,1568.43,1561.46,1564.59
02/23/17,1569.98,1570.27,1562.58,1567.32
02/22/17,1567.90,1572.22,1561.71,1572.04
02/21/17,1578.38,1583.31,1564.37,1564.42
02/20/17,1580.46,1581.91,1574.24,1578.47
02/17/17,1578.86,1583.74,1577.26,1577.84
02/16/17,1574.34,1580.34,1573.07,1576.05
02/15/17,1571.86,1574.91,1560.67,1573.37
02/14/17,1586.38,1587.66,1570.06,1572.24
02/10/17,1589.68,1590.96,1582.68,1585.24
02/09/17,1592.91,1595.81,1582.60,1583.25
02/08/17,1582.54,1594.61,1581.60,1589.29
02/07/17,1587.76,1591.70,1580.66,1582.52
02/06/17,1586.79,1592.68,1584.44,1589.13
02/03/17,1573.26,1586.06,1571.38,1582.95
02/02/17,1577.14,1582.10,1572.45,1572.67
02/01/17,1575.13,1581.35,1569.75,1576.32
01/31/17,1586.24,1586.87,1575.86,1577.31
01/30/17,1589.25,1594.66,1587.00,1590.56
01/27/17,1590.37,1592.51,1586.01,1590.80
01/26/17,1596.74,1600.79,1587.21,1591.00
01/25/17,1584.05,1588.11,1580.07,1584.29
01/24/17,1573.35,1581.78,1572.92,1578.82
01/23/17,1567.68,1571.01,1565.09,1570.79
01/20/17,1553.07,1566.34,1552.16,1562.99
01/19/17,1559.48,1560.44,1546.56,1554.88
01/18/17,1569.28,1572.16,1560.76,1560.83
01/17/17,1573.01,1577.71,1566.17,1566.84
01/16/17,1574.15,1576.82,1567.65,1571.80
01/13/17,1572.67,1576.35,1566.81,1575.24